2018/11/30 14:39:43, Error during Command: /settemp:16.1
2018/11/30 14:39:54, Error during Command: /settemp
2018/11/30 14:40:14, Error during Command: /settemp:18.0
2018/11/30 14:41:57, Error during Command: /settemp:16.2
2018/11/30 14:43:38, Error during Command: /settemp:16.2
2018/11/30 14:45:28, Error during Command: /settemp:16.2
2018/11/30 14:45:37, Error during Command: /settemp:18.0
2018/11/30 14:47:07, Error during Command: /settemp:20
2019/01/30 14:40:18, Error during Command: /settemp
2019/01/30 14:40:37, Error during Command: /settemp
2019/01/30 14:41:46, Error during Command: /settemp
2019/01/30 14:42:03, Error during Command: /settemp
2019/01/30 14:42:05, Error during Command: /settemp
2019/01/30 14:43:29, Error during Command: /settemp
2019/01/30 15:08:56, Error during Command: /settemp
2019/01/31 07:11:16, Error during Command: /settemp
2019/01/31 07:12:05, Error during Command: /settemp
2019/01/31 07:14:28, Error during Command: /settemp
2019/01/31 07:15:24, Error during Command: /settemp
2019/01/31 07:16:59, Error during Command: /settemp
2019/01/31 07:26:43, Error during Command: /settemp
2019/01/31 07:27:10, Error during Command: /settemp
2019/01/31 07:30:49, Error during Command: /settemp
2019/01/31 07:32:06, Error during Command: /settemp
2019/01/31 07:33:30, Error during Command: /settemp
2019/01/31 07:34:43, Error during Command: /settemp
2019/01/31 07:49:37, Error during Command: /settemp
2019/01/31 07:49:50, Error during Command: /settemp
2019/01/31 07:50:39, Error during Command: /settemp
2019/01/31 07:51:15, Error during Command: /settemp
2019/01/31 07:53:16, Error during Command: /settemp
2019/01/31 08:00:44, Error during Command: /settemp
2019/01/31 08:01:49, Error during Command: /settemp
2019/01/31 08:06:10, Error during Command: /settemp
2019/01/31 08:08:48, Error during Command: /settemp
2019/01/31 08:09:33, Error during Command: /settemp
2019/01/31 08:10:05, Error during Command: /settemp
2019/01/31 08:12:32, Error during Command: /settemp
2019/01/31 08:13:35, Error during Command: /settemp
2019/01/31 08:14:22, Error during Command: /settemp
2019/01/31 08:41:49, Error during Command: /settemp
2019/01/31 08:44:31, Error during Command: /settemp
2019/01/31 09:57:00, Error during Command: /settemp
2019/01/31 09:57:07, Error during Command: /settemp
